Hippocampome,,v 0.8\beta,,,,,,,,,,,,,,1,2,3,4,5,6,7,8,9,10,11,12,13,14,15,16,17,18,19,20,21,22,23,24,25,26,27,28,29,30,31,32,33,,,,,,,,,,,
,,,,,,,,,,,,,,,,calbindin,calretinin,parvalbumin,cannabinoid receptor type 1,Muscarinic type 2 rec,substance P rec,5HT-3,vesicular glutamate transporter 2,cholecystokinin,enkephalin,neuropeptide Y,somatostatin,vasoactive intestinal polypeptide,alpha actinin 2,chicken ovalbumin upstream promoter transcription factor II; ARP-1,neuronal nitric oxide synthase,reelin,GABA-a alpha subunit,choline acetyltransferase,dynorphin,excitatory amino acid transporter 3,glycine transporter 2,metabotropic glutamate receptor 1 alpha,metabotropic glutamate receptor 7a,metabotropic glutamate receptor 8a,mu-opioid receptor,"neurokinin B, tachykinin-3","neurokinin receptor-1, substance P receptor",PreprotakininA; substance P,Ppreprotachykinin B,vesicular acetylcholine transporter,vesicular inhibitory amino acid transporter,vesicular glutamate transporter 2,Acetylcholinesterase,GABA transporter-1,calcitonin gene related peptide,metabotrobic glutamate receptor 2/3,,metabotrobic glutamate receptor 5,,neurogranin,GABA-a delta subunit,note #,note
,,,,,,,,,,,,,,,,CB ,CR,PV,CB1,Mus2R,sub P rec,5HT-3,vGluT3,CCK,ENK,NPY,SOM,VIP,a-act2,CoupTF II,nNOS,RLN,GABAa \alpha,ChAT,DYN,EAAT3,GlyT2,mGluR1a,mGluR7a,mGluR8a,MOR,NKB,NK1,PPTA,PPTB,vAChT,VIAAT,vGluT2,AChE,GAT-1,CGRP,mGluR2/3,Kv3.1,mGluR5,Prox1,NG,GABAa \delta,1,"""First digit--presence of marker:  0-unknown, 1-positive, 2-negative, 3-weak positive, 4-signal in some but not all cells of this type, 5-conflicting data"""
,Active (N) or Suspended (X),Cell ID,Subregion,Hippocampome 1.7 neuron class,Hippocampome 0.8 Cell ID,Hippocampome 0.8 neuron class,Excit(+)/Inhib(-),Ax-Dend pattern,Projecting,Hippocampome class abbreviation,NIF Neuron Class,Pseudonym neuron class,Pseudonym neuron class,Synapses,Soma,,,,,,,,,,,,,,,,,,,,,,,,,,,,,,,,,,,,,,,,,,,2,"""Second digit--detection method:  0-immunocytochemistry, 1-mRNA, 2-both"""
1,N,N101,DG,granule,1-000,granule,(+),2201,p,granule,Dentate gyrus granule neuron,,,E,granule layer,"~""101.160216; 101.160218; 101.160234; 101.160276; 101.160286; 101.160394; 101.160782[remove]; 101.160822[remove]; 101.160842[remove]; 101.160878; 101.160884; 101.160886; 101.160892; 101.160958; 101.160982[remove]; 101.160984[remove]; 101.160986[remove]; 101.161008[remove]; 101.161010[remove]; 101.161052; 101.xxx8953305; 101.160982; 101.160984; 101.161010; 101.161017; 101.160818; 100.161164; 101.160633""","~""201.160234""","~""201.160276; 201.160998; 201.161016[remove]; 200.161164""","~""200.000000; 201.161140; 201.161142; 201.161144; 201.161156""","~""201.000000""","~""201.000000""","~""210.000000""","~""201.1498441""","~""101.160650[remove]; 101.160652[remove]; 101.160784[remove][remove]; 100.160786[remove]; 201.160786[remove]; 100.160818[remove]; 201.160818[remove]; 101.160784; 100.160786; 201.160786; 201.160818; 100.160818""","!~""101.160784; 101.160818""","~""200.160604; 101.160650[remove]; 101.160652[remove]; 101.160654[remove]; 101.160784[remove]; 101.160652; 101.160784""","~""200.160108[remove]; 201.160220; 201.160300; 200.160600; 201.160234; 202.160588""","~""501.160820[remove]; 201.00000""","~""101.161138""","~""201.000000""","~""300.160100[remove];111.160192""","~""200.000000""","~""101.160653""",,"~""101.161058; 101.160784; 101.160818""",,,"~""201.161128""",,,,,,,,,,"~""201.160795""",,,"~""201.161078""",,,,"~""101.160633""",,,3,"""Third digit--species:  0-mouse, 1-rat, 2-both"""
2,N,N102,DG,semilunar granule,1-001,semilunar granule,(+),2311,p,SGC,Dentate gyrus semilunar granule cell,,,E,inner molecular layer,"""000.000000""","""000.000000""","~""200.000000""","""000.000000""","""000.000000""","""000.000000""","""000.000000""","""000.0000""","~""201.160336""","""000.000000""","""000.000000""","~""200.160108[remove]; 201.160234; 202.160588""","""000.000000""","""000.000000""","""000.000000""","""000.000000""","""000.000000""","""000.000000""","""000.000000""","""000.000000""","""000.000000""","""000.000000""","""000.000000""","""000.000000""","""000.000000""","""000.000000""","""000.000000""","""000.000000""","""000.000000""","""000.000000""","""000.000000""","""000.000000""","""000.000000""","""000.000000""","""000.000000""",,,,,,,,4,"""However, we also found a subpopulation of neurons (27.5% of IML cells) whose morphology and intrinsic physiology did not resemble fastspiking interneurons. [dentate gyrus semilunar granule cells]"""
,X,X103,DG,(new),1-031,quad MC,(+),2323,,quad MC,Dentate gyrus mossy cell,,,E,,,,,,,,,,,,,,,,,,,,,,,,,,,,,,,,,,,,,,,,,,,,,
,X,X104,DG,(new),1-032,MC proj,(+),123,p,MC proj,Dentate gyrus mossy cell,,,E,,,,,,,,,,,,,,,,,,,,,,,,,,,,,,,,,,,,,,,,,,,,,
3,N,N105,DG,mossy ,1-002,mossy,(+),103,,MC,Dentate gyrus mossy neuron,,,E,hilus,"~""101.11872264[remove--material about GC axons?]; 201.161018""","~""100.160802; 201.160802; 101.160894; 201.161080; 201.161082; 230.161084""","~""201.161018; 201.160841; 201.161080; 201.161082""","~""100.00000""","""000.000000""","""000.000000""","~""200.000000""","""000.000000""","~""201.161080; 201.161082""","""000.000000""","""000.000000""","~""201.161080; 201.161082""","""000.000000""","""000.000000""","""000.000000""","""000.000000""","""000.000000""","""000.000000""","""000.000000""","""000.000000""","""000.000000""","""000.000000""","""000.000000""","""000.000000""","""000.000000""","""000.000000""","""000.000000""","""000.000000""","""000.000000""","""000.000000""","""000.000000""","""000.000000""","~""101.160797""","""000.000000""","""000.000000""","~""101.161078; 131.161084; 101.161180""","~""101.161080; 101.161082; 131.161084""",,,,"~""201.161180""",,,
15,N,N106,DG,dendritic inhibitory interneuron,1-004,total molecular layer,(-),3303,,TML,Dentate gyrus total molecular layer interneuron,Dentate gyrus dendritic inhibitory interneuron,DI,I,"stratum granulare (3795), hilus (3415)","""000.000000""","""000.000000""","""000.000000""","""000.000000""","""000.000000""","""000.000000""","""000.000000""","""000.000000""","""000.000000""","""000.000000""","""000.000000""","""000.000000""","""000.000000""","""000.000000""","""000.000000""","""000.000000""","""000.000000""","""000.000000""","""000.000000""","""000.000000""","""000.000000""","""000.000000""","""000.000000""","""000.000000""","""000.000000""","""000.000000""","""000.000000""","""000.000000""","""000.000000""","""000.000000""","~000.000000""","""000.000000""","""000.000000""","""000.000000""","""000.000000""",,,,,,,,,
,N,N107,DG,TML,1-005,TML-MOLAX,(-),3302,,TML-MOLAX,Dentate gyrus TML-MOLA3302 cell,,,I,stratum granulosum (605300),"""000.000000""","""000.000000""","""000.000000""","""000.000000""","""000.000000""","""000.000000""","""000.000000""","""000.000000""","""000.000000""","""000.000000""","~""101.8376624""","~""101.8376624""","""000.000000""","""000.000000""","""000.000000""","""000.000000""","""000.000000""","""000.000000""","""000.000000""","""000.000000""","""000.000000""","""000.000000""","~""101.161130""","""000.000000""","""000.000000""","""000.000000""","""000.000000""","""000.000000""","""000.000000""","""000.000000""","""000.000000""","""000.000000""","""000.000000""","""000.000000""","""000.000000""",,,,,,,,,
,X,X108,DG,(new),1-024,VIP-SM,(-),3300,,VIP-SM,,,,I,,,,,,,,,,,,,,"~""101.xxx8758948""",,,,,,,,,,,,,,,,,,,,,,,,,,,,,,,
,N,N109,DG,(new),1-006,OML,(-),3222,,OML,DG outer molecular layer cell,,,I,stratum granulosum (603100),"""000.000000""","""000.000000""","""000.000000""","""000.000000""","""000.000000""","""000.000000""","""000.000000""","""000.000000""","""000.000000""","""000.000000""","""000.000000""","~""101.9151716""","""000.000000""","""000.000000""","""000.000000""","""000.000000""","""000.000000""","""000.000000""","""000.000000""","""000.000000""","~000.000000""","~000.000000""","~""101.161130""","~000.000000""","~000.000000""","~000.000000""","~000.000000""","~000.000000""","~000.000000""","~000.000000""","~000.000000""","~000.000000""","~000.000000""","~000.000000""","~000.000000""",,,,,,,,,
,X,X110,DG,(new),1-016,IS-1,(-),3100,p,IS-1,,,,I,,,,,,,,,,,,,,,,,,,,,,,,,,,,,,,,,,,,,,,,,,,,,
,N,N111,DG,(new),1-007,neurogliaform,(-),3000,p,NGF,Dentate gyrus neurogliaform 3000 cell,,,I,outer stratum moleculare (600996),"""000.000000""","""000.000000""","""000.000000""","""000.000000""","""000.000000""","""000.000000""","""000.000000""","""000.000000""","""000.000000""","""000.000000""","""000.000000""","~""200.161162; 200.161164""","""000.000000""","""000.000000""","""000.000000""","""000.000000""","""000.000000""","""000.000000""","""000.000000""","""000.000000""","""000.000000""","""000.000000""","""000.000000""","""000.000000""","""000.000000""","""000.000000""","""000.000000""","""000.000000""","""000.000000""","""000.000000""","""000.000000""","""000.000000""","""000.000000""","""000.000000""","""000.000000""",,,,,,,,,
8,N,N112,DG,MOPP,1-008,MOPP-NGF,(-),3000,,MOPP,Dentate gyrus MOPP neuron,Dentate gyrus molecular layer perforant path-associated neuron,,I,"molecular layer (3786), inner molecular layer","""000.000000""","""000.000000""","""000.000000""","""000.000000""","""000.000000""","""000.000000""","""000.000000""","""000.000000""","~""201.160336""","""000.000000""","~""101.161054; 101.161056""","~""200.160108; 201.160220; 201.160300; 202.160588; 201.160234; 200.161162; 200.161164""","~""101.xxx8758948""","~""201.161132; 201.161134""","~""101.161054; 101.161056""","~""101.161054; 101.161056""","~""101.161054; 101.161056""","~""101.161056""","""000.000000""","""000.000000""","""000.000000""","""000.000000""","""000.000000""","""000.000000""","""000.000000""","~000.000000""","""000.000000""","""000.000000""","""000.000000""","""000.000000""","""000.000000""","""000.000000""","""000.000000""","""000.000000""","""000.000000""",,,,,,,"~""101.161056""",,
,N,N113,DG,(new),1-027,aspiny hilar,(-),2333,,aspiny hilar,,,,I,,"""000.000000""","""000.000000""","""000.000000""","""000.000000""","""000.000000""","""000.000000""","""000.000000""","""000.000000""","""000.000000""","""000.000000""","""000.000000""","""000.000000""","""000.000000""","""000.000000""","""000.000000""","""000.000000""","""000.000000""","""000.000000""","""000.000000""","""000.000000""","""000.000000""","""000.000000""","""000.000000""","""000.000000""","""000.000000""","""000.000000""","""000.000000""","""000.000000""","""000.000000""","""000.000000""","""000.000000""","""000.000000""","""000.000000""","""000.000000""","""000.000000""",,,,,,,,,
18,N,N114,DG,HICAP,1-009,HICAP,(-),2322,,HICAP,Dentate gyrus HICAP neuron,Dentate gyrus hilar commissural-associational pathway related neuron,,I,hilus (3792),"""000.000000""",,"""000.000000""","""000.000000""","""000.000000""","""000.000000""","""000.000000""","""000.000000""","""101.160848; 101.9151716[check]""","""000.000000""","""000.000000""","""000.000000""","""000.000000""","~""201.161132; 201.161134""","""000.000000""","~""101.160772; 101.160854; 101.8261117; 101.8915675; 101.978-1-4419-0995-4""","""000.000000""","""000.000000""","""000.000000""","""000.000000""","""000.000000""","""000.000000""","""000.000000""","""000.000000""","""000.000000""","""000.000000""","""000.000000""","""000.000000""","""000.000000""","""000.000000""","""000.000000""","""000.000000""","""000.000000""","""000.000000""","""000.000000""",,,,,,,,,
,X,X115,DG,(new),1-017,IS-3 proj,(-),2313,p,IS-3 proj,,,,I,,"~""201.xxx8758948""","~""101.xxx8758948""","~""201.xxx8758948""",,,,,,"~""201.xxx8758948""",,,,"~""101.xxx8758948""",,,,,,,,,,,,,,,,,,,,,,,,,,,,,,,
14,N,N116,DG,axo-axonic,1-010,axo-axonic,(-),2233,,AA,Dentate gyrus axo-axonic neuron,chandelier neuron,,I,"molecular layer inner one-third, granular layer, hilus","~""201.160880""","~""201.160896""","~""131.160586; 101.160772; 101.160854; 101.160508""","""000.000000""","""000.000000""","""000.000000""","""000.000000""","~""000.000000""","~""231.160586""","""000.000000""","""000.000000""","""000.000000""","""000.000000""","""000.000000""","""000.000000""","""000.000000""","""000.000000""","""000.000000""","""000.000000""","""000.000000""","""000.000000""","""000.000000""","""000.000000""","""000.000000""","""000.000000""","""000.000000""","""000.000000""","""000.000000""","""000.000000""","""000.000000""","""000.000000""","""000.000000""","""000.000000""","""000.000000""","~""101.160508""",,,,,,,,,
10,N,N117,DG,basket VIP,1-035,BC,(-),2232,,basket,Dentate gyrus vasoactive-intestinal-polypeptide-positive basket neuron,basket B,,I,"molecular layer, hilus","~""201.160880; 201.xxx8758948""","~""201.160896; 201.xxx8758948""","""102.160582; 101.160832; 101.160994; 101.161002; 101.160386; 100.160582; 101.160890; 101.160998""","""000.000000""","""000.000000""","""000.000000""","""000.000000""","~""101.1498441[???]""","~""201.161004; 201.160386""","""000.000000""","~""201.160828""","~""401.160220[remove]; 401.160234[remove]; 201.160830; 201.14984406[???]; 201.160374""","~""201.160360; 201.160386; 201.14984406[???]; 101.xxx8758948[???]""
","""000.000000""","""000.000000""","~""201.160374""","""000.000000""","""000.000000""","""000.000000""","""000.000000""","""000.000000""","""000.000000""","""000.000000""","""000.000000""","""000.000000""","""000.000000""","""000.000000""","""000.000000""","""000.000000""","""000.000000""","""000.000000""","""000.000000""","""000.000000""","""000.000000""","""000.000000""",,,,,,,,,
,N,N118,DG,,1-036,BC CCK,(-),2232,,basket-CCK,,,,I,"molecular layer, hilus",,"~""201.160360""","~""201.161004; 201.160386; 201.xxx14984406; 201.xxx8758948""","""000.000000""","""000.000000""","""000.000000""","""000.000000""",,"~""101.160360; 131.160586; 101.160338; 101.xxx8758948; 101.160824""","""000.000000""",, ,"~""401.160360""","""000.000000""","""000.000000""",,"""000.000000""","""000.000000""","""000.000000""","""000.000000""","""000.000000""","""000.000000""","""000.000000""","""000.000000""","""000.000000""","""000.000000""","""000.000000""","""000.000000""","""000.000000""","""000.000000""","""000.000000""","""000.000000""","""000.000000""","""000.000000""",,,,,,,,,,
,X,X119,DG,(new),1-018,SG IS-3,(-),2013,,SG IS-3,,,,I,,"~""201.xxx8758948""","~""101.xxx8758948""","~""201.xxx8758948""",,,,,,"~""201.xxx8758948""",,,,"~""101.xxx8758948""",,,,,,,,,,,,,,,,,,,,,,,,,,,,,,,
,X,X120,DG,(new),1-019,IS-3,(-),2001,,IS-3,,,,I,,"~""201.xxx8758948""","~""101.xxx8758948""","~""201.xxx8758948""",,,,,,"~""201.xxx8758948""",,,,"~""101.xxx8758948""",,,,,,,,,,,,,,,,,,,,,,,,,,,,,,,
,N,N121,DG,(new),1-026,HICAL,(-),1333,p,HICAL,,,,I,,"""000.000000""","""000.000000""","""000.000000""","""000.000000""","""000.000000""","""000.000000""","""000.000000""","""000.000000""","""000.000000""","""000.000000""","""000.000000""","""000.000000""","""000.000000""","""000.000000""","""000.000000""","""000.000000""","""000.000000""","""000.000000""","""000.000000""","""000.000000""","""000.000000""","""000.000000""","""000.000000""","""000.000000""","""000.000000""","""000.000000""","""000.000000""","""000.000000""","""000.000000""","""000.000000""","""000.000000""","""000.000000""","""000.000000""","""000.000000""","""000.000000""",,,,,,,,,
,X,X122,DG,(new),1-034,OML,(-),1220,,OML,,,,I,,,,,,,,,,,,,,,,,,,,,,,,,,,,,,,,,,,,,,,,,,,,,
,X,X123,DG,(new),1-014,fusiform,(-),1003,,fusiform,Dentate gyrus fusiform hilar cell,,,I,hilus (5500),,,,,,,,,,,,,,,,,,,,,,,,,,,,,,,,,,,,,,,,,,,,
19,N,N124,DG,HIPP,1-013,HIPP,(-),1002,,HIPP,Dentate gyrus HIPP neuron,Dentate gyrus hilar perforant path-associated neuron,,I,hilus (3789),"~""201.161018""","~""401.160496; 201.160774; 201.160856""","~""201.161018""","""000.000000""","""000.000000""","~""101.160496""","""000.000000""","""000.000000""","""000.000000""","""000.000000""","~""101.160322; 101.160598; 401.160844; 101.160870; 101.xxx8261118; 101.160380""","~""101.160102; 101.160306; 101.160322; 103.160590; 101.160646; 101.160672; 101.160496; 101.160722; 101.160854; 101.160856; 101.160868; 101.160870; 101.8261117; 101.8915675; 101.978-1-4419-0995-4; 101.160598; 101.xxx8261118; 101.160864; 101.160644; 101.160380; 101.160844""","""000.000000""","""000.000000""","""000.000000""","~""101.160374""","""000.000000""","""000.000000""","""000.000000""","""000.000000""","""000.000000""","""000.000000""","""000.000000""","""000.000000""","""000.000000""","""000.000000""","""000.000000""","""000.000000""","""000.000000""","""000.000000""","""000.000000""","""000.000000""","""000.000000""","~""101.160845""","""000.000000""",,,,,,,,,
,X,X125,DG,(new),1-020,H IS-3,(-),3,,H IS-3,,,,I,,"~""201.xxx8758948""","~""101.xxx8758948""","~""201.xxx8758948""",,,,,,"~""201.xxx8758948""",,,,"~""101.xxx8758948""",,,,,,,,,,,,,,,,,,,,,,,,,,,,,,,
,,,,,,,,,,,,,,,,,,,,,,,,,,,,,,,,,,,,,,,,,,,,,,,,,,,,,,,,,,,
101,N,N201,CA3,pyramidal,2-000,PC-ab,(+),23223,p,PC a/b,CA3 pyramidal neuron,,,E,stratum pyramidale,"~""200.160210; 201.160216; 401.160874; 201.160886; 201.160982[remove]; 201.161008[remove]; 201.161014[remove]; 201.161046; 201.11872264; 201.160987; 201.161014; 201.161015; 201.161019""","~""201.160990[remove]""","~""201.160874; 201.160988[remove]; 201.161016[remove]; 200.161120""","~""201.161140; 201.161146; 201.161148""","~""201.161106; 201.161108; 201.161114""","~""201.000000""","~""210.000000""","~""201.1498441""","~""201.160874""",,,"~""201.160866[remove]; 200.161120""","~""201.160934""","~""101.000000""",,"~""300.160100[remove]; 100.160194; 300.160196; 300.160202; 300.160106""",,,,,,,"~""201.161128""",,,,,,,,,,,,,"~""201.161180""",,"~""200.161120""",,,"~""101.161180""",,,
,N,N202,CA3,(new),2-004,PC-c,(+),3223,p,PC c,CA3c pyramidal c neuron,,,E,stratum pyramidale (1),"~""201.161014; 201.161015""",,,"~""201.161146""","~""201.000000""","~""201.000000""","~""210.000000""",,,,,,,,,,,,,,,,"~""201.161128""",,,,,,,,,,,,,,,,,,,,,
,N,N203,CA3,granule ,2-001,granule,(+),22100,,GC,CA3 granule neuron,,,E,"stratum radiatum (4100, 4109, 4130), stratum lucidum (4100)","~""101.160984; 101.160623; 101.160626; 101.160632; 101.160633; 101.160638""","""000.000000""","""000.000000""","""000.000000""","""000.000000""","""000.000000""","""000.000000""","""000.000000""","""000.000000""","""000.000000""","""000.000000""","""000.000000""","""000.000000""","""000.000000""","""000.000000""","""000.000000""","""000.000000""","""000.000000""","""000.000000""","""000.000000""","""000.000000""","""000.000000""","""000.000000""","""000.000000""","""000.000000""","""000.000000""","""000.000000""","""000.000000""","""000.000000""","""000.000000""","""000.000000""","""000.000000""","""000.000000""","""000.000000""","""000.000000""",,,,,"~""101.160623; 101.160626; 101.160632; 101.160633; 101.160638""",,,,
,X,X204,CA3,(new),2-002,SO RGC,(+),22011,,SO RGC,CA3 radiatum giant cells,,,E,stratum radiatum (1),,,,,,,,,,,,,,,,,,,,,,,,,,,,,,,,,,,,,,,,,,,,
,N,N205,CA3,(new),2-003,RGC,(+),22010,,RGC,CA3 radiatum giant cells,,,E,stratum radiatum (1),,,,,,,,,,,,,,,,,,,,,,,,,,,,,,,,,,,,,,,,,,,,
105,N,N206,CA3,lacunosum-moleculare--radiatum,2-005,LM-R,(-),33200,,LM-R,CA3 lacunosum-moleculare--radiatum neuron,,,I,"stratum lacunosum-moleculare, stratum radiatum",,,"~""201.161152""",,,,,,,,,,,,,,,,,,,,,,,,,,,,,,,,,,,,,,,,,
,X,X207,CA3,(new),2-033,SLM,(-),30000,,SLM,,,,I,,,,,,,,,,,,,,,,,,,,,,,,,,,,,,,,,,,,,,,,,,,,,
,X,X208,CA3,(new),2-024,TriC rad,(-),23333,,TriC rad,CA3 trilaminar 23333 cell,,,I,stratum radiatum (6003) / stratum pyramidale (6003),,,,,,,,,,,,,,,,,,,,,,,,,,,,,,,,,,,,,,,,,,,,
,X,X209,CA3,(new),2-034,ACA,(-),23100,,ACA,,,,I,,,,,,,,,,,,,,,,,,,,,,,,,,,,,,,,,,,,,,,,,,,,,
117,N,N210,CA3,basket,2-043,BC,(-),22232,,BC,CA3 basket neuron,,,I,stratum pyramidale,,"~""201.1498441[???]""","~""101.160266; 101.160678; 101.160682; 101.160804; 101.161000; 101.161002; 101.161004; 101.161019""",,,,,"~""101.1498441[???]""","~""201.160678; 201.160804; 201.161004; 201.160804; """,,,"~""201.1498441[???]""","~""201.160804; 201.160934; 201.160946; 201.160970; 201.14984406[???]""",,,,,,,,,,,,,,,,,,,,,,,,,,,,,,,
,N,N211,CA3,,2-044,BC CCK,(-),22232,,BC,,,,I,stratum pyramidale,"~""101.xxx8953305""",,"~""201.160266; 201.160678; 201.160682; 201.160804; 201.161000; 201.161002; 201.161004; 201.14984406""",,,,,,"~""101.160348; 101.160678; 101.160804; 101.161004; 101.xxx8953305""",,,,"~""301.160678; 401.160804; 101.160934; 101.160946; 101.160970""",,,,,,,,,,,,,,,,,,,,,,,,,,,,,,,
128,N,N212,CA3,axo-axonic,2-028,AA,(-),22232,,AA,CA3 axo-axonic neuron,chandelier neuron,,I,"stratum pyramidale (3672), stratum oriens (3672)",,"~""201.160896""","~""101.160222; 101.160266; 101.160486; 101.160678; 101.160690; 101.160780[remove]; 101.161002""","~""201.161154""",,,,,"~""201.160678""",,,,,,,,,,,,,,,,,,,,,,,,,,,,,,,,,,,
,X,X213,CA3,(new),2-007,quad O-LM,(-),12222,,quad O-LM,CA3 O-LM neuron,,,I,"stratum radiatum (11400) / stratum lucidum (11400) / stratum pyramidale (11400) / stratum oriens (11400, 11403)",,,,,,,,,,,,,,,,,,,,,,,,,,,,,,,,,,,,,,,,,,,,
108,N,N214,CA3,radiatum--lacunosum-moleculare,2-008,R-LM,(-),12000,,R-LM,CA3 radiatum--lacunosum-moleculare neuron,,,I,stratum radiatum (3518),,,"~""201.160350; 201.161152""",,,,,,,,,,,,,,,,,,,,,,,,,,,,,,,,,,,,,,,,,
130,N,N215,CA3,oriens--lacunosum-moleculare,2-009,O-LM,(-),11003,,O-LM,CA3 oriens--lacunosum-moleculare neuron,CA3 O-LM neuron,,I,"stratum oriens (3723, 3726)",,"~""401.160496; 201.160896""","~""101.160222; 101.160266; 101.160486; 101.160504; 301.160702; 301.160813""","~""201.161154""",,,,,,,"~""401.160702""","~""101.160102[remove]; 101.160234; 101.160264; 101.160488; 101.160496; 101.160504; 101.160678; 101.160702; 101.160868[remove]; 101.160813""",,,,,,,,,,,"~""101.160813""",,,,,,,,,,,,,,,,,,,,,
,N,N216,CA3,(new),2-042,IS-3,(-),3333,p,IS-3,,,,I,,"~""201.xxx8758948""","~""101.xxx8758948""","~""201.xxx8758948""",,,,,,"~""201.xxx8758948""",,,,"~""101.xxx8758948""",,,,,,,,,,,,,,,,,,,,,,,,,,,,,,,
,X,X217,CA3,(new),2-025,DP,(-),3333,p,DP,CA3 double projection cells,,,I,stratum pyramidal (1),,,,,,,,,,,,,,,,,,,,,,,,,,,,,,,,,,,,,,,,,,,,
,N,N218,CA3,,2-045,BiC,(-),3333,,,,,,I,"stratum radiatum (3690), stratum pyramidale (3690)","~""201.0[???]; 101.0[???]""",,,,,,,,"~""301.160678""",,"~""301.160678""","~""301.160678""",,,,,,"~""101.160678""",,,,,,,,,,,,,,,,,,,,,,,,,,
115,N,N219,CA3,ivy,2-046,ivy,(-),3333,,ivy,CA3 ivy neuron,,,I,"stratum radiatum (3690), stratum pyramidale (3690)",,"~""201.160570[remove]""","~""201.160678; 201.160570; 201.160570[remove]; 201.160694""",,,,,,"~""201.160570""",,"~""101.160678; 101.160694; 101.160570; 101.160571[???]; 101.160576; 101.160636; 101.160637; 101.160639""","~""201.160570; 201.160571[???]; 201.160636; 201.160637; 201.160639""",,,,"~""101.160678; 101.160694""",,"~""101.160678""",,,,,,,,,,,,,,,,,,,,,,,,,,
114,N,N220,CA3,(new),2-036,MFA-1,(-),3330,p,MFA,CA3 mossy fiber associated neuron,,,I,stratum lucidum (3762),"""000.000000""","~""201.161032""","~""201.160574[remove]; 201.160574""","""000.000000""","""000.000000""","""000.000000""","""000.000000""","""000.000000""","~""101.160568[remove]; 101.160678; 101.160706; 101.160574; 101.160577; 101.160625; 101.160637; 101.160639""","""000.000000""","""000.000000""","~""201.160574[remove]; 201.160574; 201.160639""","""000.000000""","""000.000000""","""000.000000""","""000.000000""","""000.000000""","""000.000000""","""000.000000""","""000.000000""","""000.000000""","""000.000000""","""000.000000""","""000.000000""","""000.000000""","""000.000000""","""000.000000""","""000.000000""","""000.000000""","""000.000000""","""000.000000""","""000.000000""","""000.000000""","""000.000000""","""000.000000""",,,,,,,,,
,N,N221,CA3,(new),2-013,LC-1,(-),3311,,LC,CA3 lucidum cell,,,I,stratum lucidum (1),,,,,,,,,,,,,,,,,,,,,,,,,,,,,,,,,,,,,,,,,,,,
,N,N222,CA3,(new),2-014,LC-2,(-),3300,,LC,CA3 lucidum cell,,,I,stratum lucidum (1),,,,,,,,,,,,,,,,,,,,,,,,,,,,,,,,,,,,,,,,,,,,
,X,X223,CA3,(new),2-031,SM IS-3,(-),3000,p,SM IS-3,,,,I,,"~""201.xxx8758948""","~""101.xxx8758948""","~""201.xxx8758948""",,,,,,"~""201.xxx8758948""",,,,"~""101.xxx8758948""",,,,,,,,,,,,,,,,,,,,,,,,,,,,,,,
,N,N224,CA3,(new),2-023,R-CB,(-),3000,,R-CB,CA3 R-CB neurons,,,I,stratum radiatum (510046),"~""101.xxx8953305; 101.160985""",,"~""201.161152""",,,,,,,,,,,,,,,,,,,,,,,,,,,,,,,,,,,,,,,,,
,N,N225,CA3,(new),2-035,MFA-2,(-),2332,p,MFA,CA3 mossy fiber-associated neurons,,,I,stratum lucidum (510024),,,,,,,,,,,,,,,,,,,,,,,,,,,,,,,,,,,,,,,,,,,,
,X,X226,CA3,(new),2-037,MFA-3,(-),2320,,MFA-3,CA3 mossy fiber-associated neurons,,,I,,,,,,,,,,,,,,,,,,,,,,,,,,,,,,,,,,,,,,,,,,,,,
,N,N227,CA3,(new),2-017,LC-3,(-),2310,,LC,CA3 lucidum cell,,,I,stratum lucidum (1),,,,,,,,,,,,,,,,,,,,,,,,,,,,,,,,,,,,,,,,,,,,
,X,X228,CA3,(new),2-018,RL CB,(-),2200,,RL CB,,,,I,,,,,,,,,,,,,,,,,,,,,,,,,,,,,,,,,,,,,,,,,,,,,
,X,X229,CA3,(new),2-041,RSBC,(-),2030,,RSBC,,,,I,,,,,,,,,,,,,,,,,,,,,,,,,,,,,,,,,,,,,,,,,,,,,
127,N,N230,CA3,spiny lucidum,2-019,spiny lucidum,(-),1320,p,SLC,CA3 spiny lucidum cell,,,I,stratum lucidum,,"~""101.160572[remove]""","~""201.160572[remove]; 201.160896; 201.160572""",,,,,,"~""201.160572[remove]; 201.161032; 201.160572; 201.160573""",,"~""101.160572[remove]; 101.160572""","~""101.160572[remove]; 101.160572;101.160573""",,,,,,,,,,,,,,,,,,,,,,,,,,,,,,,,
136,N,N231,CA3,trilaminar horizontal,2-020,TriC,(-),1113,p,tri,CA3 horizontal trilaminar neuron,,,I,stratum oriens,,,,,,,,,,,,,,,,,,,,,,,,,,,,,,,,,,,,,,,,,,,,
,N,N232,CA3,(new),2-021,interneuron specific,(-),1113,,IS,CA3 interneuron specific 01113,,,I,stratum oriens (510048),,,,,,,,,,,,,,,,,,,,,,,,,,,,,,,,,,,,,,,,,,,,
,X,X233,CA3,(new),2-027,LC-4,(-),300,,LC-4,CA3 lucidum cell,,,I,stratum lucidum (1),,,,,,,,,,,,,,,,,,,,,,,,,,,,,,,,,,,,,,,,,,,,
,N,N234,CA3,(new),2-022,CB,(-),3,,CB,,,,I,,"~""101.xxx8953305; 101.xxx1721075; 101.160985""",,,,,,,,,,,,,,,,,,,,,,,,,,,,,,,,,,,,,,,,,,,
,,,,,,,,,,,,,,,,,,,,,,,,,,,,,,,,,,,,,,,,,,,,,,,,,,,,,,,,,,,
201,N,N301,CA2,pyramidal,3-000,pyramidal,(+),2333,p,pyramidal,CA2 pyramidal neuron,,,E,stratum pyramidale,"~""101.160982[remove]; 101.161008[remove]; 101.161012[remove]; 101.161046; 401.161050; 101.11872264""","~""201.160990[remove]""","~""201.160988[remove]; 201.161016[remove]; 200.161120""",,,,,,,,,"~""200.161120""",,"~""101.000000""",,,,,,,,,,,,,,,,,,,,,,,,"~""200.161120""",,,,,,
209,N,N302,CA2,basket broad,3-007,basket,(-),2232,p,BC,CA2 broad basket neuron,basket A,,I,stratum pyramidale,"~""201.160615; 201.160616""",,"~""101.20882544; 101.160615; 101.160616""",,,,,,,,,,,,,,,,,,,,,,,,,,,,,,,,,,,,,,,,,
210,N,N303,CA2,basket narrow,3-006,basket,(-),2232,,BC,CA2 narrow basket neuron,basket B,,I,stratum pyramidale,"~""201.160614[remove]; 201.160616[remove]; 201.160614""",,"~""101.160614[remove]; 101.160616[remove]; 101.160614""",,,,,,,,,,,,,,,,,,,,,,,,,,,,,,,,,,,,,,,,,
214,N,N305,CA2,bistratified narrow,3-003,BiC,(-),313,p,bistrat,CA2 narrow bistratified neuron,bistratified A,,I,stratum pyramidale,"~""201.160618[remove]; 201.160618""","~""201.160896""","~""101.160618[remove]; 101.160618""",,,,,,"~""201.160619""",,,,,,,,,,,,,,,,,,,,,,,,,,,,,,,,,,,
,X,X305,CA2,(new),3-005,wide SO-SO,(-),3,p,wide SO-SO,,,,I,stratum oriens,,,,,,,,,,,,,,,,,,,,,,,,,,,,,,,,,,,,,,,,,,,,
,,,,,,,,,,,,,,,,,,,,,,,,,,,,,,,,,,,,,,,,,,,,,,,,,,,,,,,,,,,
301,N,N401,CA1,pyramidal,4-000,pyramidal,(+),2223,p,PC,CA1 pyramidal neuron,,,E,stratum pyramidale,"~""301.16011; 101.160176; 401.160178; 400.160206; 400.160208; 401.160216; 101.160218; 101.160234; 101.160276; 301.160394; 401.160492; 101.160874; 101.160878; 101.160886; 101.160892; 101.160958; 301.160974[remove]; 101.160982[remove]; 101.160984[remove]; 101.161008[remove]; 101.161012[remove]; 101.161046; 401.161048; 100.160203; 101.11872264""; 101.xxx8953305; 401.160110[remove]; 401.160110""
 ","~""201.160990[remove]""","~""201.160276; 201.160874; 201.160988[remove]; 201.161016[remove], 200.161120""","~""201.161122; 201.161124; 201.161140; 201.161146; 201.161156""","~""201.161104; 201.161114; 200.161116""","~""201.000000""","~""210.000000""","~""201.1498441""","~""301.160168; 301.160174; 301.160178; 101.160556[remove]; 201.160874; 201.161102; 201.161124; 201.161126""","~""201.161070""","~""201.161080""","~""201.160308; 201.160866[remove]; 200.161116; 200.161120""","~""201.160934; 201.161100; 201.161102; 200.161116""","~""101.161138""","~""201.161060""","~""301.1601; 300.160106; 501.160190[Wendland; Chiang; Lin]; 511.160190[Vincent]; 100.160194; 300.160196; 111.160198; 521.160200; 300.160202; 400.160203; 201.12373367; 101.160556""","""000.000000""",,,,,,"~""201.161100; 200.161116; 201.161122; 201.161126; 201.161128""",,,,,,,,,,,,,,,"~""200.161120""",,,,,,
,N,N402,CA1,(new),4-054,PLP-RGC,(+),2201,,PLP-RGC,CA1 radiatum giant cell,,,E,stratum radiatum (602000),"""000.000000""","~""201.161066; 201.161068""","~""201.161066; 201.161068""","""000.000000""","""000.000000""","""000.000000""","""000.000000""","""000.000000""","~""201.161066""","""000.000000""","""000.000000""","""000.000000""","""000.000000""","""000.000000""","""000.000000""","""000.000000""","""000.000000""","""000.000000""","""000.000000""","""000.000000""","~""101.161068""","""000.000000""","""000.000000""","""000.000000""","""000.000000""","""000.000000""","""000.000000""","""000.000000""","""000.000000""","""000.000000""","""000.000000""","""000.000000""","""000.000000""","""000.000000""","""000.000000""",,,,,,,,,
,N,N403,CA1,quadrilaminar,4-003,QuadC,(-),3333,,quad,CA1 quadrilaminar 3333 neuron,,,I,"stratum lacunosum-moleculare (499044), stratum radiatum (499044)","""000.000000""","""000.000000""","~""201.161152""",,"""000.000000""","""000.000000""","""000.000000""","""000.000000""","~""101.11807843; 101.160620; 101.160748; 101.160750; 101.160755""","""000.000000""","""000.000000""","""000.000000""","""000.000000""","~""201.161132; 201.161134""","""000.000000""","""000.000000""","""000.000000""","""000.000000""","""000.000000""","""000.000000""","""000.000000""","""000.000000""","""000.000000""","""000.000000""","""000.000000""","""000.000000""","""000.000000""","""000.000000""","""000.000000""","""000.000000""","""000.000000""","""000.000000""","""000.000000""","""000.000000""","""000.000000""",,,,,,,,,
308,N,N404,CA1,perforant path-associated,4-004,PPA proj,(-),3300,p,PP,CA1 perforant path-associated neuron,,,I,"stratum lacunosum-moleculare (3708), stratum radiatum (3708)","~""101.160452{n=1}; 101.160468{n=1}; 101.16237182""","~""201.161032; 201.16237182""","~""201.160880; 201.16237182; 201.161152""","""000.000000""","~""101.160452""","""000.000000""","""000.000000""","~""201.16237182""","~""101.160268; 101.160446[remove]; 401.160452[remove]; 101.160468[remove]; 101.160698; 101.16237182""","""000.000000""","""000.000000""","~""201.160308""","~""201.16237182""","""000.000000""","""000.000000""","~""201.16237182""","""000.000000""","~""201.16237182""","""000.000000""","""000.000000""","""000.000000""","""000.000000""","""000.000000""","""000.000000""","""000.000000""","""000.000000""","""000.000000""","""000.000000""","""000.000000""","""000.000000""","""000.000000""","""000.000000""","""000.000000""","""000.000000""","""000.000000""",,,,,,,,,
305,N,N405,CA1,neurogliaform,4-005,NGF-LM,(-),3300,,NGF-LM,CA1 neurogliaform neuron,,,I,"stratum lacunosum-moleculare (3717), stratum radiatum (3717)","""000.000000""","~""201.160902[remove]; 200.161035; 210.161042""","~""201.161035; 210.161042; 201.161152""","""000.000000""","""000.000000""","""000.000000""","""000.000000""","""000.000000""","~""201.160903; 210.161036; 201.160344""","""000.000000""","~""101.160226; 401.160454[remove]; 101.160678; 101.160700; 401.160768[remove]; 401.160902[remove]; 401.160903; 110.161036""","~""201.160308; 201.160903; 201.161035; 210.161042""","~""210.161036""","""000.000000""","""000.000000""","~""101.160700; 401.160902[remove]; 401.160903; 410.161036""","""000.000000""","""000.000000""","""000.000000""","""000.000000""","""000.000000""","""000.000000""","""000.000000""","""000.000000""","""000.000000""","""000.000000""","""000.000000""","""000.000000""","""000.000000""","""000.000000""","""000.000000""","""000.000000""","""000.000000""","""000.000000""","""000.000000""",,,,,,,,,
,N,N406,CA1,(new),4-076,PPA,(-),3222,,PPA,,,,I,stratum radiatum (1),"""000.000000""","""000.000000""","~""201.161152""","""000.000000""","""000.000000""","""000.000000""","""000.000000""","""000.000000""","""000.000000""","""000.000000""","""000.000000""","""000.000000""","""000.000000""","""000.000000""","""000.000000""","""000.000000""","""000.000000""","""000.000000""","""000.000000""","""000.000000""","""000.000000""","""000.000000""","""000.000000""","""000.000000""","""000.000000""","""000.000000""","""000.000000""","""000.000000""","""000.000000""","""000.000000""","""000.000000""","""000.000000""","""000.000000""","""000.000000""","""000.000000""",,,,,,,,,
,N,N407,CA1,perforant path-associated,4-006,PPA-SUB,(-),3200,p,PP II,CA1 perforant path II 3200 neuron,,,I,"stratum lacunosum-moleculare (499042), stratum radiatum (499042)","~""101.160468[n=1]; 101.160452[n=1]""
","""000.000000""","~""201.161152""","""000.000000""","""000.000000""","""000.000000""","""000.000000""","""000.000000""","~""101.160468; 401.160452; 101.161178""","""000.000000""","""000.000000""","""000.000000""","~""201.161178""","~""201.161132; 201.161134; 201.161136""","""000.000000""","""000.000000""","""000.000000""","""000.000000""","""000.000000""","""000.000000""","""000.000000""","""000.000000""","""000.000000""","""000.000000""","""000.000000""","""000.000000""","""000.000000""","""000.000000""","""000.000000""","""000.000000""","""000.000000""","""000.000000""","""000.000000""","""000.000000""","""000.000000""",,,,,,,,,
,X,X408,CA1,(new),4-043,RRP-SUB,(-),3200,p,RRP-SUB,CA1 radiatum retrohippocampal projecting cell,,,I,stratum radiatum (602100),,,,,,,,,,,,,,,,,,,,,,,,,,,,,,,,,,,,,,,,,,,,
,X,X409,CA1,(new),4-042,RRP-CA3,(-),3200,p,RRP-CA3,CA1 radiatum retrohippocampal projecting cell,,,I,stratum lacunosum-moleculare (602103),,,,,,,,,,,,,,,,,,,,,,,,,,,,,,,,,,,,,,,,,,,,
,X,X410,CA1,(new),4-007,CH,(-),3111,,CH,CA1 cholinergic cell,,,I,"stratum lacunosum-moleculare (6700, 6703), stratum radiatum (6700, 6703)",,,,,,,,,,,,,,,,,,,,,,,,,,,,,,,,,,,,,,,,,,,,
,X,X411,CA1,(new),4-008,RADI,(-),3100,p,RADI,CA1 radiatum- and dentate-innervating 3100 neuron,,,I,"stratum lacunosum-moleculare (499046), stratum radiatum (499046)","~""101.161072[n=1]; 101.161074[n=1]""","~""101.160393[n=1]""","~""201.160350""","~""101.161072[n=1]; 101.161074[n=1]""",,,,,"~""201.161072[n=1]""",,,,,,"~""101.161072[n=1]; 101.161074[n=1]""
",,,,,,,,,,,,,,,"~""101.161072[n=1]; 101.161074[n=1]""",,,,,,,,,,,,,,
,X,X412,CA1,(new),4-064,CB-PPA,(-),3100,,CB-PPA,CA1 calbindin-perforant path 3100 neuron,,,I,stratum lacunosum-moleculare (4202) / stratum radiatum (4202),,,,,,,,,"~""101.160748; 101.160752; 101.160755""",,,,,,,,,,,,,,,,,,,,,,,,,,,,,,,,,,,
,N,N413,CA1,neurogliaform,4-011,NGF proj,(-),3000,p,NGF,CA1 neurogliaform II neuron,,,I,stratum lacunosum-moleculare (499032),"~""211.160766""","~""201.160902; 411.160766""","~""211.160766: 201.161152; 201.160728; 211.160757""","""000.000000""","""000.000000""","""000.000000""","""000.000000""","""000.000000""","~""411.160766""","~""411.160766""","~""101.161068; 111.160766; 111.160757""","~""411.160766""","~""211.160766; 211.160757""","~""101.160902; 101.161064; 101.161066; 101.161068; 101.161070; 101.160903[n=1]; 401.160762; 401.160768""","~""101.160902; 101.161064; 101.161066""","~""101.161068; 411.160766""","~""101.160902; 101.161066""","~""101.160902; 101.161066; 101.161070; 101.160903[n=1]; 101.160767; 101.160771""","""000.000000""","~""211.160766""","""000.000000""","""000.000000""","""000.000000""","""000.000000""","""000.000000""","""000.000000""","""000.000000""","""000.000000""","""000.000000""","""000.000000""","""000.000000""","""000.000000""","""000.000000""","""000.000000""","""000.000000""",,,,,,,,,
,N,N414,CA1,neurogliaform,4-012,NGF,(-),3000,,NGF,CA1 neurogliaform II neuron,,,I,stratum lacunosum-moleculare (499031),"~""211.160766""","~""201.160902; 411.160766""","~""211.160766; 201.161152; 201.160728; 211.160757""","""000.000000""","""000.000000""","""000.000000""","""000.000000""","""000.000000""","~""411.160766""","~""411.160766""","~""401.160454; 111.160766; 111.160757""","~""411.160766""","~""211.160766; 211.160757""","~""401.160454; 101.160902; 101.161064; 101.161066; 401.160762; 401.160768""
","~""101.160902""","~""411.160766""","~""101.160902; 101.161066""","~""101.160902; 101.161066; 101.160767; 101.160771""","""000.000000""","~""211.160766""","""000.000000""","""000.000000""","""000.000000""","""000.000000""","""000.000000""","""000.000000""","""000.000000""","""000.000000""","""000.000000""","""000.000000""","""000.000000""","""000.000000""","""000.000000""","""000.000000""","""000.000000""",,,,,,,,,
338,N,N415,CA1,bistratified,4-013,BiC-TriC,(-),2333,,bi-tri,CA1 bistratified neuron,,,I,"stratum pyramidale (3678, 3684), stratum oriens (3678, 3684)","~""101.160288[link?]; 101.160502[link?]; 101.160662[link?]; 101.160860[link?]""","~""201.160896[link?]""","~""101.160124[link?]; 101.160132[link?]; 101.160222[link?]; 101.160266[link?]; 101.160440[link?]]; 101.160444[link?]; 101.160502; 101.160519[link?]; 101.160524[link?]; 101.160530[link?]; 101.160534[link?]; 101.160640[link?]; 101.160692[link?]""","~""101.9334415""","""000.000000""","""000.000000""","""000.000000""","""000.000000""","~""201.160124[remove]; 101.9334415[link?]Â”","""000.000000""","~""101.160124[remove]; 101.160226; 101.160444[remove]; 101.160502; 101.160530[remove]; 101.160692""","~""101.160124[remove]; 101.160132[remove]; 101.160264[link?]; 101.160444[remove]; 101.160502[link?]; 101.160519[remove]; 101.160692[link?]""","""000.000000""","""000.000000""","""000.000000""","""000.000000""","""000.000000""","""000.000000""","""000.000000""","""000.000000""","""000.000000""","""000.000000""","""000.000000""","""000.000000""","""000.000000""","""000.000000""","""000.000000""","""000.000000""","""000.000000""","""000.000000""","""000.000000""","""000.000000""","""000.000000""","""000.000000""","""000.000000""",,,,,,,,,
,X,X416,CA1,(new),4-014,lg CB,(-),2333,,lg CB,,,,I,,,,,,,,,,,,,,,,,,,,,,,,,,,,,,,,,,,,,,,,,,,,,
314,N,N417,CA1,Schaffer collateral associated,4-015,SCA-ADI,(-),2311,,SCA-ADI,CA1 Schaffer collateral associated neuron,,,I,stratum radiatum (3702),"~""101.160130; 101.160134[link]; 101.160696; 401.160134[link]
""","~""201.161032""","~""201.160132; 201.160350; 201.160880; 201.160132; 201.161152; 201.150106; 201.150108""","""000.000000""","""000.000000""","""000.000000""","""000.000000""","""000.000000""","~""101.160130; 101.160134; 101.160268; 101.160446[link]; 401.160448[link]; 101.160620; 101.160678[link?]; 101.160696; 101.10196544; 101.160746; 101.16237182; 101.160130; 101.161176; 101.150106; 101.150108""","""000.000000""","~""201.160130[remove]; 201.160130""","~""201.160130[remove]; 201.160132[remove]; 201.160308; 201.160130[remove]; 201.160132; 201.160130""","~""101.161176""","""000.000000""","""000.000000""","""000.000000""","""000.000000""","""000.000000""","""000.000000""","""000.000000""","""000.000000""","""000.000000""","""000.000000""","""000.000000""","""000.000000""","""000.000000""","""000.000000""","""000.000000""","""000.000000""","""000.000000""","""000.000000""","""000.000000""","""000.000000""","""000.000000""","""000.000000""",,,,,,,,,
,X,X418,CA1,(new),4-044,SR IS-1a,(-),2302,,SR IS-1a,,,,I,,,,,,,,,,,,,,,,,,,,,,,,,,,,,,,,,,,,,,,,,,,,,
328,N,N419,CA1,interneuron specific I,4-056,SR IS-I,(-),2300,,IS-I,CA1 interneuron specific I neuron,,,I,"stratum radiatum (3771), stratum pyramidale (3771), stratum oriens (3771)","~""101.xxx8953305[link?]""","~""101.160676[link]; 101.160710[link]; 101.160676; 101.160393""","~""201.160896[needs_CB+_connection]; 201.161152""","""000.000000""","""000.000000""","""000.000000""","""000.000000""","""000.000000""","~""201.161032""","""000.000000""","""000.000000""","""000.000000""",,"~""201.161132; 201.161134; 201.161136""","~""101.16106""","""000.000000""","""000.000000""","""000.000000""","""000.000000""","""000.000000""","""000.000000""","""000.000000""","""000.000000""","""000.000000""","""000.000000""","""000.000000""","""000.000000""","""000.000000""","""000.000000""","""000.000000""","""000.000000""","""000.000000""","""000.000000""","""000.000000""","""000.000000""",,,,,,,,,
,N,N420,CA1,(new),4-055,O-A,(-),2233,,O-A,,,,I,,"""000.000000""","""000.000000""","""000.000000""","""000.000000""","""000.000000""","""000.000000""","""000.000000""","""000.000000""","""000.000000""","""000.000000""","""000.000000""","""000.000000""","""000.000000""","""000.000000""","""000.000000""","""000.000000""","""000.000000""","""000.000000""","""000.000000""","""000.000000""","""000.000000""","""000.000000""","""000.000000""","""000.000000""","""000.000000""","""000.000000""","""000.000000""","""000.000000""","""000.000000""","""000.000000""","""000.000000""","""000.000000""","""000.000000""","""000.000000""","""000.000000""",,,,,,,,,
320,N,N421,CA1,basket PV or VGLUT3,4-078,BC,(-),2232,,BC,CA1 parvalbumin or vesicular-glutamate-transporter-3-positive basket neuron,CA1 basket A-B,,I,"stratum radiatum, stratum pyramidale (3657), stratum oriens (3657)","~""201.160290; 201.7472426; 201.160612""","~""201.7472426[link]""","~""101.160160; 101.160186; 101.160222; 101.160350; 101.160658; 101.160804; 101.161000; 101.161004; 101.150106; 101.150110; 101.160116; 101.168658; 101.160668; 101.160612; 101.160116; 101.161020; 101.161022; 101.160678; 101.160732""","~""201.160756""","""000.000000""","~""201.160756""","""000.000000""","""000.000000""","~""201.160160; 201.160350; 201.160804; 201.161004; 201.150110; 201.161026; 201.161028; 201.161032; 201.160116; 201.160678; ""","""000.000000""","""000.000000""","""000.000000""","~""201.14984406[???]; 201.161096""","~""201.161132; 201.161134; 201.161136""","""000.000000""","""000.000000""","""000.000000""","""000.000000""","""000.000000""","""000.000000""","""000.000000""","""000.000000""","""000.000000""","""000.000000""","""000.000000""","~""101.160756""","""000.000000""","""000.000000""","""000.000000""","""000.000000""","""000.000000""","""000.000000""","""000.000000""","""000.000000""","""000.000000""",,,,,,,,,
,N,N422,CA1,,4-079,BC CCK,(-),2232,,BC CCK,,,,I,"stratum radiatum, stratum pyramidale (3657), stratum oriens (3657)","~""201.160290; 201.161026[remove]""","~""201.161032""","~""201.160160; 201.160186; 201.160222[remove]; 201.160350; 201.160804; 201.161004; 201.150110; 201.160116; 201.160118; 201.160122; 201.161022; 201.160678""","~""101.20534847; 101.15539390; 101.160756""","""000.000000""","~""101.160756""","""000.000000""","~""101.161030; 201.160118; 401.160120; 101.160122""","~""101.160160; 101.160350; 101.160804; 101.161004; 101.150106; 101.150108; 101.150110; 101.161024; 101.161026; 101.161030; 101.161032; 101.160118; 101.160120; 101.160122; 101.160678; 101.160741; 101.160743""","""000.000000""","""000.000000""","~""201.161034""","~""401.160804; 101.160118; 401.160120; 201.160122; 100.161118""","""000.000000""","""000.000000""","""000.000000""","""000.000000""","""000.000000""","""000.000000""","""000.000000""","""000.000000""","""000.000000""","""000.000000""","""000.000000""","""000.000000""","~""201.160756""","""000.000000""","""000.000000""","""000.000000""","""000.000000""","""000.000000""","""000.000000""","""000.000000""","""000.000000""","""000.000000""",,,,,,,,,
337,N,N423,CA1,axo-axonic,4-036,AA,(-),2232,,AA,CA1 axo-axonic neuron,chandelier neuron,,I,"stratum pyramidale (3672), stratum oriens (3672)","~""201.160290""","~""201.160896""","~""101.160160; 101.160222; 101.160266; 101.160486; 101.160522[remove]; 101.160524[remove]; 101.160530[remove]; 101.160640; 101.160678; 101.160690; 101.161002; 101.161006; 101.15539390; 101.160110[remove]; 101.160780; 101.160112; 101.160737""","~""101.15539390; 201.161154""","""000.00000""","""000.00000""","""000.00000""","""000.00000""","~""201.160678; 201.161006""",,"""000.00000""","~""201.160522[remove]""","~""201.161096""","~""201.161132; 201.161134; 201.161136""","""000.00000""","""000.00000""","""000.00000""",,,,,,,,,,,,,,,,,,,,,,,,,,,
330,N,N424,CA1,interneuron specific III,4-020,quad IS-III,(-),2223,,IS-III,CA1 interneuron specific III neuron,,,I,"stratum radiatum (906, 3771), stratum pyramidale (906, 3771)","""000.000000""","~""101.160156[remove]; 101.160362; 101.160676; 110.161040; 110.161044; 101.160156
""","~""201.160896; 210.161040""","""000.000000""","""000.000000""","""000.000000""","""000.000000""","""000.000000""","~""201.160362; 201.161032""","""000.000000""","~""210.161040; 210.161044""","~""201.160308; 210.161040""","~""101.160156[remove]; 101.160364;110.161040; 110.161044; 101.160156; 101.160979; 100.161118""","~""201.161132; 201.161134""","~""101.16106""","~""110.161040; 110.161044""","""000.000000""","""000.000000""","""000.000000""","""000.000000""","""000.000000""","""000.000000""","""000.000000""","~""101.160156""","""000.000000""","""000.000000""","""000.000000""","""000.000000""","""000.000000""","""000.000000""","""000.000000""","""000.000000""","""000.000000""","""000.000000""","""000.000000""",,,,,,,,,
,X,X425,CA1,(new),4-046,tri IS I,(-),2111,,tri IS I,,,,I,,,,,,,,,,,,,,,,,,,,,,,,,,,,,,,,,,,,,,,,,,,,,
329,N,N426,CA1,interneuron specific II,4-021,IS-2,(-),2100,,IS-II,CA1 interneuron specific II neuron,,,I,stratum radiatum (3771),"~""201.160950; 201.160960""","~""101.160362; 101.160676; 201.160950; 201.160954; 201.160966""","~""201.160350; 201.160896; 201.160950; 201.161152""","""000.000000""","""000.000000""","""000.000000""","""000.000000""","""000.000000""","~""201.160352; 201.160950; 201.160958; 201.161032""","""000.000000""","""000.000000""","~""201.160308""","~""101.160152[remove]; 101.160364; 101.160712; 101.160940; 101.160950; 101.160152; 101.160973; 101.160975""","~""201.161132; 201.161134""","~""101.16106""","""000.000000""","""000.000000""","""000.000000""","""000.000000""","""000.000000""","""000.000000""","""000.000000""","""000.000000""","""000.000000""","""000.000000""","""000.000000""","""000.000000""","""000.000000""","""000.000000""","""000.000000""","""000.000000""","""000.000000""","""000.000000""","""000.000000""","""000.000000""",,,,,,,,,
,N,N427,CA1,interneuron specific III,4-022,IS-3,(-),2003,,IS-III,CA1 interneuron-specific III 2003 neuron,,,I,stratum pyramidale (499019),"""000.000000""","~""101.160156[remove]; 101.160362; 101.160676; 110.161040; 110.161044""","~""201.160896; 210.161040""","""000.000000""","""000.000000""","""000.000000""","""000.000000""","""000.000000""","~""201.160362; 201.161032""","""000.000000""","~""210.161040; 210.161044""","~""201.160308; 210.161040""","~""101.160156[remove]; 101.160364;110.161040; 110.161044""","~""201.161132; 201.161134""","""000.000000""","~""110.161040; 110.161044""","""000.000000""","""000.000000""","""000.000000""","""000.000000""","""000.000000""","""000.000000""","""000.000000""","""000.000000""","""000.000000""","""000.000000""","""000.000000""","""000.000000""","""000.000000""","""000.000000""","""000.000000""","""000.000000""","""000.000000""","""000.000000""","""000.000000""",,,,,,,,,
,N,N428,CA1,(new),4-061,SLM-SR,(-),1300,,SLM-SR,,,,I,stratum radiatum (1),"""000.000000""","""000.000000""","~""201.161152""","""000.000000""","""000.000000""","""000.000000""","""000.000000""","""000.000000""","""000.000000""","""000.000000""","""000.000000""","""000.000000""","""000.000000""","""000.000000""","""000.000000""","""000.000000""","""000.000000""","""000.000000""","""000.000000""","""000.000000""","""000.000000""","""000.000000""","""000.000000""","""000.000000""","""000.000000""","""000.000000""","""000.000000""","""000.000000""","""000.000000""","""000.000000""","""000.000000""","""000.000000""","""000.000000""","""000.000000""","""000.000000""",,,,,,,,,
,N,N429,CA1,(new),4-066,PR-LM,(-),1202,,PR-LM,,,,I,stratum raidatum (1) / stratum pyramidale (1),"""000.000000""","""000.000000""","""000.000000""","""000.000000""","""000.000000""","""000.000000""","""000.000000""","""000.000000""","""000.000000""","""000.000000""","""000.000000""","""000.000000""","""000.000000""","""000.000000""","""000.000000""","""000.000000""","""000.000000""","""000.000000""","""000.000000""","""000.000000""","""000.000000""","""000.000000""","""000.000000""","""000.000000""","""000.000000""","""000.000000""","""000.000000""","""000.000000""","""000.000000""","""000.000000""","""000.000000""","""000.000000""","""000.000000""","""000.000000""","""000.000000""",,,,,,,,,
340,N,N430,CA1,backprojection,4-023,BP,(-),1133,p,BP,CA1 backprojection neuron,CA1 backprojecting,CA1 back-projection,I,stratum oriens (3753),"~""201.160290""","~""201.160896""","""000.000000""","""000.000000""","""000.000000""","""000.000000""","""000.000000""","""000.000000""","""000.000000""","""000.000000""","~""101.160320; 101.160330""","~""101.160460""","""000.000000""","""000.000000""","""000.000000""","~""101.160330; 101.160656""","""000.000000""","""000.000000""","""000.000000""","""000.000000""","""000.000000""","""000.000000""","""000.000000""","""000.000000""","""000.000000""","""000.000000""","""000.000000""","""000.000000""","""000.000000""","""000.000000""","""000.000000""","""000.000000""","""000.000000""","""000.000000""","""000.000000""",,,,,,,,,
,N,N431,CA1,(new),4-068,O-BiC,(-),1113,p,wide O-bi,,,,I,stratum oriens (1),"""000.000000""","""000.000000""","""000.000000""","""000.000000""","""000.000000""","""000.000000""","""000.000000""","""000.000000""","""000.000000""","""000.000000""","""000.000000""","~""101.160861[n=1]""
","""000.000000""","""000.000000""","""000.000000""","""000.000000""","""000.000000""","""000.000000""","""000.000000""","""000.000000""","""000.000000""","""000.000000""","""000.000000""","""000.000000""","""000.000000""","""000.000000""","""000.000000""","""000.000000""","""000.000000""","""000.000000""","""000.000000""","""000.000000""","""000.000000""","""000.000000""","""000.000000""",,,,,,,,,
,X,X432,CA1,(new),4-024,SR O-LM,(-),1102,,SR O-LM,CA1 O-LM 1102,,,I,stratum oriens (600606),,,,,,,,,,,,,,,,,,,,,,,,,,,,,,,,,,,,,,,,,,,,
,X,X433,CA1,(new),4-067,SO O-LM,(-),1003,,SO O-LM,,,,I,,,,,,,,,,,,,,,,,,,,,,,,,,,,,,,,,,,,,,,,,,,,,
,X,X434,CA1,(new),4-077,O-LM proj,(-),1002,p,O-LM proj,CA1 O-LM 1002,,,I,,,,,,,,,,,,,,,,,,,,,,,,,,,,,,,,,,,,,,,,,,,,,
341,N,N435,CA1,oriens--lacunosum-moleculare,4-069,O-LM,(-),1002,,O-LM,CA1 oriens--lacunosum-moleculare neuron,,,I,"stratum oriens (3723, 3726, 3744)","~""201.160290; 101.8757246""","~""401.160496; 201.160896; 101.8757246; 201.161092; 410.161160""","~""101.160126[remove]; 101.160128[remove]; 101.160222; 101.160440[remove]; 101.160442[remove]; 101.160466[remove]; 101.160486; 101.160504; 101.160519[remove]; 301.160550[remove]; 101.160640; 301.160702; 301.15539390; 101.8757246; 101.160126[remove]; 101.160127[remove]; 101.160442; 101.160466; 101.160126; 101.160128; 101.161098: 210.161160""","~""101.15539390; 201.161154""","""000.000000""","""000.000000""","~""210.161160""","~""210.161160""","~""201.161102; 210.161160""","~""210.161160""","~""101.160328; 401.160702; 110.161160""","~""101.160102; 101.160126[remove]; 101.160234; 101.160164; 101.160314; 101.160328; 101.160466[remove]; 101.160488; 101.160496; 101.160504; 101.160519[remove]; 101.160548[remove]; 101.160558[remove]; 101.160666; 101.160678; 101.160702; 101.160862[remove]; 101.160868[remove]; 101.7472426; 101.7517996; 101.160126[remove]; 101.160442; 101.160466; 101.160547; 101.160548; 101.160558; 101.160862; 101.160977; 101.160126; 101.161088: 110.161160; 101.161168""","~""201.161090; 201.161092; 201.161094; 201.161102; 210.161160""","~""201.161132; 201.161134""","~""210.161160""","~""210.161160""","""000.000000""",,,,,,"~""101.160442; 101.160466; 101.160977; 101.160126; 101.160128; 101.161086; 101.161158; 101.161168""

",,,,,,,,,,,,,,,,"~""101.161158""",,,,,
,N,N436,CA1,,4-080,BiC,(-),333,,,,,,I,"stratum radiatum (3690), stratum pyramidale (3690)","~""101.7472426; 201.161170; 201.161174""","~""201.161170; 201.161174""","~""101.160678; 101.0; 101.15539390; 101.160444; 101.160124; 101.160536; 101.161170; 101.161172; 101.161174""","~""101.15539390""","~""201.161170; 201.161174""",,"""000.000000""","""000.000000""","~""401.11807843; 201.160124""",,"~""301.160678; 101.160444; 101.160124; 101.160157; 101.161170; 101.161172; 101.161174""","~""101.0; 110.0; 101.160444; 101.160536; 101.160124; 101.160157; 101.161170; 101.161172; 101.161174""",,,"~""401.161062[???]""","""000.000000""","""000.000000""","~""101.160444; 101.160124; 101.160125; 101.161170; 101.161172; 101.161174""",,,,,"~""201.161170; 201.161174""",,"~""201.160536[n=1]; 201.160540[n=1]""","~""201.160536[n=1]; 201.160540[n=1]""",,,"~""201.160536; 201.160540""","~""201.160536; 201.160540""
",,,,,,,,,,,,,,
333,N,N437,CA1,ivy,4-081,ivy,(-),333,,,CA1 ivy neuron,,,I,"stratum radiatum (3690), stratum pyramidale (3690)","~""410.161036; 201.160536; 201.160540""","~""200.161035; 210.161036; 210.161042; 201.160536; 201.160540""","~""201.160642; 201.160678; 201.160694; 201.161035; 210.161042; 201.160540""","~""201.160538""","~""201.160536; 201.160540""",,"""000.000000""","""000.000000""","~""201.160642; 201.160536; 201.160540""",,"~""101.160642; 101.160678; 101.160694; 110.161036; 101.160456; 101.160470; 101.160536; 101.160538; 101.160540""","~""201.160536; 201.160540""","~""210.161036; 201.160536; 201.160540""","~""201.160536[n=1]; 201.160540[n=1]""","~""110.xxx21795545""","~""101.160642; 101.160678; 101.160694; 110.161036; 101.160456; 101.160470; 101.160538; 101.160540""","""000.000000""","~""101.160456; 101.160470; 101.160536; 101.160537; 101.160540""",,,,,"~""201.160536[n=1]; 201.160540[n=1]""",,,,,,,,,,,,,,,,,,,,,
,N,N438,CA1,(new),4-041,ENK,(-),313,p,ENK-pos,,,,I,,"""000.000000""","~""201.160512; 201.160516[n=1]; 201.160518[n=1]""","~""201.160516[n=1]; 201.160518[n=1]; 201.161152""","~""201.160518[n=1]""","~""201.160516[n=1]""","""000.000000""","""000.000000""","""000.000000""","~""201.160518[n=1]""","~""101.160512; 101.160516[n=1]; 101.160521[n=1]""
","""000.000000""","""000.000000""","~""201.160516[n=1]""","""000.000000""","~""101.160512; 101.160516[n=1]; 101.160521[n=1]""","""000.000000""","""000.000000""","~""201.160516[n=1]""","~""201.160518[n=1]""","""000.000000""","""000.000000""","~""201.160518[n=1]""","~""101.160516[n=1]""","""000.000000""","""000.000000""","""000.000000""","""000.000000""","~""201.160516[n=1]""","""000.000000""","""000.000000""","~""201.160518[n=1]""","~""101.160518[n=1]; 101.160521[n=1]""","""000.000000""","""000.000000""","""000.000000""",,,,,,,,,
,X,X439,CA1,(new),4-074,TriC rad,(-),313,,TriC rad,,,,I,,,,,,,,,,,,,,,,,,,,,,,,,,,,,,,,,,,,,,,,,,,,,
,X,X440,CA1,(new),4-048,bi CB,(-),303,,bi CB,,,,I,,,,,,,,,,,,,,,,,,,,,,,,,,,,,,,,,,,,,,,,,,,,,
,X,X441,CA1,(new),4-059,SR CB,(-),302,,SR CB,,,,I,,,,,,,,,,,,,,,,,,,,,,,,,,,,,,,,,,,,,,,,,,,,,
,X,X442,CA1,(new),4-058,IS-1a,(-),302,,IS-1a,,,,I,,,,,,,,,,,,,,,,,,,,,,,,,,,,,,,,,,,,,,,,,,,,,
,N,N443,CA1,Schaffer collateral associated,4-028,SCA-SR-CB,(-),300,,SCA-SR-CB,CA1 SCA-SR-CB 0300 neuron,,,I,stratum radiatum (605805),"~""101.1187226; 101.xxx8953305; 101.xxx1721075; 101.160985""","""000.000000""","~""201.1187226; 201.161152""","~""101.9503336; 201.160538""","""000.000000""","""000.000000""","""000.000000""","""000.000000""","~""101.9503336; 101.11807843; 101.160748; 101.160751; 101.160753""","""000.000000""","~""101.160538""","""000.000000""","""000.000000""","~""201.161132; 201.161134; 201.161136""","""000.000000""","~""101.160538; 101.160541""
","""000.000000""","""000.000000""","""000.000000""","""000.000000""","""000.000000""","""000.000000""","""000.000000""","""000.000000""","""000.000000""","""000.000000""","""000.000000""","""000.000000""","""000.000000""","""000.000000""","""000.000000""","""000.000000""","""000.000000""","""000.000000""","""000.000000""",,,,,,,,,
,X,X444,CA1,(new),4-051,O-A-2,(-),233,,O-A-2,,,,I,,,,,,,,,,,,,,,,,,,,,,,,,,,,,,,,,,,,,,,,,,,,,
,X,X445,CA1,(new),4-049,IS-1b,(-),221,,IS-1b,,,,I,,,,,,,,,,,,,,,,,,,,,,,,,,,,,,,,,,,,,,,,,,,,,
,X,X446,CA1,(new),4-063,BC-2,(-),210,,BC-2,,,,I,,,,,,,,,,,,,,,,,,,,,,,,,,,,,,,,,,,,,,,,,,,,,
,X,X447,CA1,(new),4-050,IS-1c,(-),203,,IS-1c,,,,I,,,,,,,,,,,,,,,,,,,,,,,,,,,,,,,,,,,,,,,,,,,,,
350,N,N448,CA1,double project,4-035,TH-ORP-DP-OR,(-),113,p,TH-ORP-DP-OR,CA1 double projection neuron,CA1 double projecting,,I,"stratum oriens (4030, 4303, 4309, 4318, 4336)","~""201.0; 201.7472426; 101.17699661; 201.160142[n=1]; 201.160971[n=1}""","~""201.1769966""","~""301.0; 201.17699661; 101.160127[remove]; 301.160464[n=1]; 201.160547; 201.160971[n=1]; 101.160127""","""000.000000""","~""101.17699661; 201.17699661; 101.160140; 101.160142; 101.160459; 401.160464""

","""000.000000""","""000.000000""","""000.000000""","~""201.1769966; 201.160127[remove]; 201.160547; 201.160127""
","""000.000000""","~""401.0; 201.17699661; 101.160127[remove]; 401.160464; 201.160971[n=1]; 101.160127""","~""101.0; 101.17699661; 101.160127[remove]; 101.160464; 101.160547; 101.160553; 101.160557; 201.160971[n=1]; 101.160127""","~""201.1769966""","""000.000000""","~""101.161059""","~""201.1769966""","""000.000000""","~""101.160127[remove]; 101.160127""
","""000.000000""","""000.000000""","""000.000000""","""000.000000""","~""201.160971[n=1}""","""000.000000""","""000.000000""","""000.000000""","""000.000000""","~""201.160971[n=1]""","""000.000000""","""000.000000""","""000.000000""","""000.000000""","""000.000000""","""000.000000""","""000.000000""",,,,,,,,,
,N,N449,CA1,(new),4-031,SO IS-1,(-),102,,IS-1,,,,I,,"~""101.xxx8953305""","~""101.160393""","""000.000000""","""000.000000""","~""101.161110; 101.161112""","""000.000000""","""000.000000""","""000.000000""","""000.000000""","""000.000000""","""000.000000""","""000.000000""","""000.000000""","~""201.161132; 201.161134; 201.161136""","~""101.161060""
","""000.000000""","""000.000000""","""000.000000""","""000.000000""","""000.000000""","""000.000000""","""000.000000""","""000.000000""","""000.000000""","""000.000000""","""000.000000""","""000.000000""","""000.000000""","""000.000000""","""000.000000""","""000.000000""","""000.000000""","""000.000000""","""000.000000""","""000.000000""",,,,,,,,,
,N,N450,CA1,(new),4-039,BC-FSPTI,(-),12,,BC-FSPTI,CA1 perisomatic-targeting interneuron,,,I,stratum oriens (499004),"""000.000000""","""000.000000""","~""201.16237182""","""000.000000""","""000.000000""","""000.000000""","""000.000000""","""000.000000""","~""101.11807843; 101.16237182; 201.160547; 201.160556; 201.150120; 101.150120""","""000.000000""","""000.000000""","~""201.160547""","~""201.16237182""","""000.000000""","""000.000000""","""000.000000""","""000.000000""","""000.000000""","""000.000000""","""000.000000""","""000.000000""","""000.000000""","""000.000000""","""000.000000""","""000.000000""","""000.000000""","""000.000000""","""000.000000""","""000.000000""","""000.000000""","""000.000000""","""000.000000""","""000.000000""","""000.000000""","""000.000000""",,,,,,,,,
,N,N451,CA1,(new),4-038,AA horiz,(-),12,,AA horiz,CA1 axo-axonic neuron,,,I,stratum oriens (499004),"""000.000000""","""000.000000""","~""101.160112[remove]; 101.160115""
","~""201.161154""","""000.000000""","""000.000000""","""000.000000""","""000.000000""","""000.000000""","""000.000000""","""000.000000""","""000.000000""","~""201.161096""","~""201.161132; 201.161134; 201.161136""","""000.000000""","""000.000000""","""000.000000""","""000.000000""","""000.000000""","""000.000000""","""000.000000""","""000.000000""","""000.000000""","""000.000000""","""000.000000""","""000.000000""","""000.000000""","""000.000000""","""000.000000""","""000.000000""","""000.000000""","""000.000000""","""000.000000""","""000.000000""","""000.000000""",,,,,,,,,
342,N,N452,CA1,stratum oriens,4-033,CB-SOSO,(-),3,,SO,CA1 stratum oriens neuron,,,I,stratum oriens,"~""101.1187226; 101.xxx8953305; 101.160985""","~""201.xxx1584423""","""000.000000""","""000.000000""","""000.000000""","""000.000000""","""000.000000""","""000.000000""","~""101.160745; 101.160747; 101.160749""","""000.000000""","""000.000000""","""000.000000""","""000.000000""","~""201.161132; 201.161134""","""000.000000""","""000.000000""","""000.000000""","""000.000000""","""000.000000""","""000.000000""","""000.000000""","""000.000000""","""000.000000""","""000.000000""","""000.000000""","""000.000000""","""000.000000""","""000.000000""","""000.000000""","""000.000000""","""000.000000""","""000.000000""","""000.000000""","""000.000000""","""000.000000""",,,,,,,,,
,,,,,,,,,,,,,,,,,,,,,,,,,,,,,,,,,,,,,,,,,,,,,,,,,,,,,,,,,,,
,N,N502,SUB,pyramidal,5-001,PC-EC,(+),331,p,PC-EC,Subiculum pyramidal XXXneuron,,,E,stratum pyramidale,"~""201.160806""",,"~""201.161166""",,,"~""201.000000""",,,,,,,,,,"~""101.160476; 101.160478; 101.160482""",,,,,,,,,,,,,,,,,,,,,,,,,,,,
401,N,N501,SUB,pyramidal,5-005,PC-CA1,(+),331,p,PC-CA1,Subiculum pyramidal neuron,,,E,pyramidal cell layer,"~""201.160806""",,"~""201.161166""",,,"~""201.000000""",,,,,,,,,,"~""101.160476; 101.160478; 101.160482""",,,,,,,,,,,,,,,,,,,,,,,,,,,,
,X,X503,SUB,(new),5-003,PC NOS,(+),30,p,PC NOS,Subiculum Nitric Oxide Synthase-positive  Pyramidal Neuron,,,E,"Stratum Pyramidale (160012, 60357, 60360)",,,,,,,,,,,,,,,,,,,,,,,,,,,,,,,,,,,,,,,,,,,,
,X,X504,SUB,(new),5-006,PV,(-),300,,PV,Subiculum Parvalbumin-positive interneuron,,,I,"Stratum pyramidale (510086, 510092), Polymorphic Layer (510086)",,,,,,,,,,,,,,,,,,,,,,,,,,,,,,,,,,,,,,,,,,,,
,N,N505,SUB,(new),5-002,AA,(-),210,,AA,SUB axo-axonic 210 neuron,,,I,stratum moleculare (9600) / stratum pyramidale (9600),,,,,,,,,,,,,,,,,,,,,,,,,,,,,,,,,,,,,,,,,,,,
,,,,,,,,,,,,,,,,,,,,,,,,,,,,,,,,,,,,,,,,,,,,,,,,,,,,,,,,,,,
501,N,N601,EC,pyramidal II,6-082,excitatory,(+),333000,p,excitatory,Entorhinal cortex layer II pyramidal neuron,,,E,layer II,,,,,,,,,,,,,,,,,,,,,,,,,,,,,,,,,,,,,,,,,,,,
514,N,N602,EC,pyramidal IV-V,6-002,PC V-DG-SUB,(+),331131,p,project PC V,EC projection pyramidal cell V,,,E,layers IV-V,,"~""201.160905; 201.160920""",,,,,,,,,,,,,,,,,,,,,,,,,,,,,,,,,,,,,,,,,,
528,N,N603,EC,stellate II,6-003,SC II,(+),331111,p,stellate II,Entorhinal cortex layer II stellate neuron,,,E,layer II,"~""401.160414""","~""201.160905; 201.160920""",,,,,,,,,,,,,,,,,,,,,,,,,,,,,,,,,,,,,,,,,,
,N,N604,EC,"stellate II, horizontal interneuron",6-005,excitatory II,(+),331000,p,excitatory II,EC excitatory II cell,,,E,layer II (8799),,,,,,,,,"~""401.160412""",,,,"~""401.160412""",,,,,,,,,,,,,,,,,,,,,,,,,,,,,,,
,N,N605,EC,(new),6-006,cmplx PC III med,(+),313300,,complex PC III,complex PC III,,,E,,,,,,,,,,,,,,,,,,,,,,,,,,,,,,,,,,,,,,,,,,,,,
,N,N606,EC,(new),6-007,cmplx PC III lat,(+),233310,,complex PC III,complex PC III,,,E,,,,,,,,,,,,,,,,,,,,,,,,,,,,,,,,,,,,,,,,,,,,,
,N,N607,EC,pyramidal II,6-008,PC-MFC II,(+),233111,,PC-MFC II,,,,E,,,,,,,,,,,,,,,,,,,,,,,,,,,,,,,,,,,,,,,,,,,,,
,N,N608,EC,"multipolar interneuron I, horizontal interneuron I-II",6-094,FOMP,(+),231000,,FOMP,,,,E,layer I (13799),,"~""101.160910; 101.160919""","~""201.160924""",,,,,,,,,,,,,,,,,,,,,,,,,,,,,,,,,,,,,,,,,
,N,N610,EC,"pyramidal IV-V, MPN IV-VI 200332",6-095,HOBIPPY,(+),223331,,HOBIPPY,EC horizontal-bipolar-pyramidal neurons,,,E,layer III (1) / layer IV (1) / layer V (1),,,,,,,,,,,,,,,,,,,,,,,,,,,,,,,,,,,,,,,,,,,,
,N,N611,EC,(new),6-092,PC III,(+),223200,p,PC III,,,,E,,,"~""201.160905; 201.160920""",,,,,,,,,,,,,,,,,,,,,,,,,,,,,,,,,,,,,,,,,,
,N,N612,EC,(new),6-017,PC III sm,(+),223111,p,sm PC III,,,,E,,,,,,,,,,,,,,,,,,,,,,,,,,,,,,,,,,,,,,,,,,,,,
531,N,N613,EC,stellate III,6-018,SC III,(+),223000,,stellate III,Entorhinal cortex layer III stellate neuron,,,E,layer III,,,,,,,,,,,,,,,,,,,,,,,,,,,,,,,,,,,,,,,,,,,,
,N,N614,EC,(new),6-019,OPC-SC II,(+),221100,,OPC-SC II,,,,E,,,,,,,,,,,,,,,,,,,,,,,,,,,,,,,,,,,,,,,,,,,,,
,N,N615,EC,"pyramidal IV-V, pyramidal IV-VI 020230, horizontal neuron V",6-085,PC V-DG,(+),220233,p,PC V,EC pyramidal cell,,,E,layer (1),,"~""201.160905; 201.160920""",,,,,,,,,,,,,,,,,,,,,,,,,,,,,,,,,,,,,,,,,,
,N,N616,EC,pyramidal IV-V,6-021,PC V sm,(+),220033,,sm PC V,EC pyramidal cell,,,E,layer (1),,,,,,,,,,,,,,,,,,,,,,,,,,,,,,,,,,,,,,,,,,,,
,N,N617,EC,(new),6-023,PC V,(+),213330,,PC V,EC pyramidal cell,,,E,layer (1),,,,,,,,,,,,,,,,,,,,,,,,,,,,,,,,,,,,,,,,,,,,
,X,X617,EC,(new),6-046,med MPN III,(+),202200,,med MPN III,EC medium multipolar neurons III,,,E,layer III (1),,,,,,,,,,,,,,,,,,,,,,,,,,,,,,,,,,,,,,,,,,,,
,N,N619,EC,(new),6-024,BPN III,(+),133100,,BPN III,,,,E,,,,,,,,,,,,,,,,,,,,,,,,,,,,,,,,,,,,,,,,,,,,,
,N,N620,EC,(new),6-025,MPN III lat,(+),113330,,MPN 1 III,,,,E,,,,,,,,,,,,,,,,,,,,,,,,,,,,,,,,,,,,,,,,,,,,,
,X,X620,EC,(new),6-026,MPN 2 III,(+),113310,,MPN 2 III,,,,E,layer III (1),,,,,,,,,,,,,,,,,,,,,,,,,,,,,,,,,,,,,,,,,,,,
,X,X621,EC,(new),6-029,lg MPN III,(+),22200,,lg MPN III,EC large multipolar neuron III,,,E,layer III (1),,,,,,,,,,,,,,,,,,,,,,,,,,,,,,,,,,,,,,,,,,,,
,N,N623,EC,(new),6-031,MPN III med,(+),3310,,MPN 3 III,,,,E,,,,,,,,,,,,,,,,,,,,,,,,,,,,,,,,,,,,,,,,,,,,,
,X,X623,EC,(new),6-050,GN IV-V,(+),2331,,GN IV-V,,,,E,layer IV (1) / layer V (1),,,,,,,,,,,,,,,,,,,,,,,,,,,,,,,,,,,,,,,,,,,,
,X,X624,EC,(new),6-077,MPN 2 V,(+),2222,,MPN 2 V,EC multipolar neuron,,,E,layer V (1),,,,,,,,,,,,,,,,,,,,,,,,,,,,,,,,,,,,,,,,,,,,
,X,X625,EC,(new),6-032,lg MPN 2 III,(+),2200,,lg MPN 2 III,,,,E,layer III (1),,,,,,,,,,,,,,,,,,,,,,,,,,,,,,,,,,,,,,,,,,,,
,X,X626,EC,(new),6-051,sm sph MPN III,(+),2000,,sm sph MPN III,EC small spherical multipolar neuron III,,,E,layer III (1),,,,,,,,,,,,,,,,,,,,,,,,,,,,,,,,,,,,,,,,,,,,
,N,N628,EC,(new),6-033,MPN V,(+),1331,,MPN V,EC multipolar neuron,,,E,layer (8500),,,,,,,,,,,,,,,,,,,,,,,,,,,,,,,,,,,,,,,,,,,,
,N,N628,EC,(new),6-078,MPN 2 V,(+),1133,,MPN 2 VI,EC multipolar neuron,,,E,layer VI (1),,,,,,,,,,,,,,,,,,,,,,,,,,,,,,,,,,,,,,,,,,,,
534,N,N630,EC,"bipolar neuron IV-VI, MPN IV-VI, MPN V, pyramidal VI, MPN VI",6-086,MPN V-VI,(+),333,p,MPN proj V/VI,EC multipolar neuron,spindle-shaped IV-VI,fusiform IV-VI,E,layers IV-VI,,"~""101.160980[remove]""",,,,,,,,,,,,,,,,,,,,,,,,,,,,,,,,,,,,,,,,,,
,N,N631,EC,(new),6-052,PC-MPN ,(+),23,,PC-MPN ,EC MPN-PC cell,,,E,layer VI (605800),,,,,,,,,,,,,,,,,,,,,,,,,,,,,,,,,,,,,,,,,,,,
,X,X631,EC,(new),6-072,PC III nonspiny,(-),333111,,PC III nonspiny,,,,I,layer III (1),,,,,,,,,,,,,,,,,,,,,,,,,,,,,,,,,,,,,,,,,,,,
555,N,N633,EC,multipolar interneuron III,6-038,type 4 III,(-),333000,,type 4 III,Entorhinal cortex layer III multipolar interneuron,,,I,layer III,,"~""101.160980[remove]""",,,,,,,"~""401.160424""",,,"~""401.160424""",,,,,,,,,,,,,,,,,,,,,,,,,,,,,,,,
,N,N634,EC,multipolar interneuron III,6-040,MPI 1 III,(-),233000,,MPI 1 III,EC multipolar interneuron III,,,I,layer III (1),,"~""101.160980[remove]; 101.160908[remove]""",,,,,,,"~""401.160424""",,,"~""401.160424""",,,,,,,,,,,,,,,,,,,,,,,,,,,,,,,,
553,N,N635,EC,"multipolar interneuron II, basket II",6-053,MPI-BC II,(-),230000,,MPI-BC II,,,,I,layer II,,"~""101.160980[remove]; 101.160908[remove]""","~""401.160420""",,,,,,"~""401.60416""",,"~""401.160416""","~""401.160416""","~""401.160416""",,,,,,,,,,,,,,,,,,,,,,,,,,,,,,,
,N,N636,EC,multipolar interneuron III,6-047,MPI 2 III,(-),113220,,MPI 2 III,,,,I,,,,,,,,,,,,,,,,,,,,,,,,,,,,,,,,,,,,,,,,,,,,,
,X,X636,EC,(new),6-079,HI V,(-),111021,,HI V,EC horizontal inhibitory cell,,,I,layer V (1),,,,,,,,,,,,,,,,,,,,,,,,,,,,,,,,,,,,,,,,,,,,
563,N,N638,EC,axo-axonic II,6-048,AA II,(-),30000,,AA,EC axo-axonic cell,chandelier neuron,,I,layer II,"""000.000000""","""000.000000""","~""401.160422""","""000.000000""","""000.000000""","""000.000000""","""000.000000""","""000.000000""","""000.000000""","""000.000000""","""000.000000""","""000.000000""","""000.000000""","""000.000000""","""000.000000""","""000.000000""","""000.000000""",,,,,,,,,,,,,,,,,,,,,,,,,,,
576,N,N639,EC,"bipolar interneuron III, pyramidal-looking interneuron III",6-087,PL-BPN III,(-),23300,,PL-BP III,Entorhinal cortex layer III bipolar interneuron,,,I,layer III,"""000.000000""","~""101.160980[remove]; 101.160919; 101.160906""","~""201.160924""","""000.000000""","""000.000000""","""000.000000""","""000.000000""","""000.000000""","""000.000000""","""000.000000""","""000.000000""","""000.000000""","""000.000000""","""000.000000""","""000.000000""","""000.000000""","""000.000000""",,,,,,,,,,,,,,,,,,,,,,,,,,,
,N,N640,EC,multipolar neuron III,6-049,MPI 3 III,(-),23000,,MPI 3 III,,,,I,,"""000.000000""","""000.000000""","""000.000000""","""000.000000""","""000.000000""","""000.000000""","""000.000000""","""000.000000""","""000.000000""","""000.000000""","""000.000000""","""000.000000""","""000.000000""","""000.000000""","""000.000000""","""000.000000""","""000.000000""",,,,,,,,,,,,,,,,,,,,,,,,,,,
,X,X640,EC,(new),6-076,AA II-III,(-),23000,,AA II-III,EC axo-axonic cell,,,I,layer II (219) / layer III (1),,,,,,,,,,,,,,,,,,,,,,,,,,,,,,,,,,,,,,,,,,,,
